ticker,name,market_cap_hkd,market_cap_source,weight
2899.HK,Zijin Mining,864198197248.0,yfinance,0.4341174604787082
3993.HK,CMOC Group,321342570496.0,yfinance,0.16142179084804453
1378.HK,China Hongqiao,203457921024.0,yfinance,0.10220414283492173
2600.HK,Aluminum Corporation of China,137985916928.0,yfinance,0.06931522887847355
0358.HK,Jiangxi Copper,114062303232.0,yfinance,0.057297547684212996
1208.HK,MMG,109772685312.0,yfinance,0.05514272018771457
1772.HK,Ganfeng Lithium,65165262848.0,yfinance,0.032734826928692416
1818.HK,Zhaojin Mining,64967491584.0,yfinance,0.03263547939573441
1258.HK,China Nonferrous Mining,60442537984.0,yfinance,0.030362434425412317
9696.HK,Tianqi Lithium,49306423296.0,yfinance,0.024768368338085277
