setting,z_threshold,min_count,count_window,is_primary,lift_label,horizon,n_onsets,onset_mean,onset_median,onset_hit_rate,base_n,base_mean,base_median,base_hit_rate,excess_mean,p_mean,p_hit_rate,n_lifts,lifts_early,lifts_late,lifts_missed,median_lead_sessions,onsets_followed_by_lift,false_alarms,onsets_pending,false_alarm_rate
"z>1.5, 3-of-10",1.5,3,10,False,original,20,9,0.05132114559786701,0.0551263071022845,0.7777777777777778,2197,0.027530213990065954,0.017745682315990496,0.5903504779244424,0.023790931607801057,0.20157984201579843,0.21037896210378962,11,0,2,9,,0,9,0,1.0
"z>1.5, 3-of-10",1.5,3,10,False,original,60,9,0.16437487367335948,0.07750320826511348,0.7777777777777778,2161,0.08566475716030816,0.054003770778576765,0.6020360944007404,0.07871011651305132,0.08949105089491051,0.23117688231176883,11,0,2,9,,0,9,0,1.0
"z>1.5, 3-of-10",1.5,3,10,False,revised,20,9,0.05132114559786701,0.0551263071022845,0.7777777777777778,2197,0.027530213990065954,0.017745682315990496,0.5903504779244424,0.023790931607801057,0.20157984201579843,0.21037896210378962,12,0,3,9,,0,9,0,1.0
"z>1.5, 3-of-10",1.5,3,10,False,revised,60,9,0.16437487367335948,0.07750320826511348,0.7777777777777778,2161,0.08566475716030816,0.054003770778576765,0.6020360944007404,0.07871011651305132,0.08949105089491051,0.23117688231176883,12,0,3,9,,0,9,0,1.0
"z>1.5, 5-of-20",1.5,5,20,False,original,20,7,0.045351112824295714,0.04981604126080397,0.8571428571428571,2118,0.026620860688721687,0.016870344993504927,0.5868744098205855,0.018730252135574027,0.27777222277772223,0.1436856314368563,11,0,1,10,,0,7,0,1.0
"z>1.5, 5-of-20",1.5,5,20,False,original,60,7,0.19634068630316218,0.06029235724066706,0.8571428571428571,2092,0.08662003512368142,0.05514578384952573,0.6018164435946463,0.10972065117948075,0.05369463053694631,0.1581841815818418,11,0,1,10,,0,7,0,1.0
"z>1.5, 5-of-20",1.5,5,20,False,revised,20,7,0.045351112824295714,0.04981604126080397,0.8571428571428571,2118,0.026620860688721687,0.016870344993504927,0.5868744098205855,0.018730252135574027,0.27777222277772223,0.1436856314368563,12,0,1,11,,0,7,0,1.0
"z>1.5, 5-of-20",1.5,5,20,False,revised,60,7,0.19634068630316218,0.06029235724066706,0.8571428571428571,2092,0.08662003512368142,0.05514578384952573,0.6018164435946463,0.10972065117948075,0.05369463053694631,0.1581841815818418,12,0,1,11,,0,7,0,1.0
"z>2, 3-of-10",2.0,3,10,True,original,20,5,0.08493430947573075,0.09770733589047564,1.0,2197,0.027530213990065954,0.017745682315990496,0.5903504779244424,0.05740409548566479,0.07539246075392461,0.065993400659934,11,0,0,11,,0,5,0,1.0
"z>2, 3-of-10",2.0,3,10,True,original,60,5,0.15795425467176807,0.07750320826511348,0.8,2161,0.08566475716030816,0.054003770778576765,0.6020360944007404,0.07228949751145991,0.17378262173782622,0.3411658834116588,11,0,0,11,,0,5,0,1.0
"z>2, 3-of-10",2.0,3,10,True,revised,20,5,0.08493430947573075,0.09770733589047564,1.0,2197,0.027530213990065954,0.017745682315990496,0.5903504779244424,0.05740409548566479,0.07539246075392461,0.065993400659934,12,0,0,12,,0,5,0,1.0
"z>2, 3-of-10",2.0,3,10,True,revised,60,5,0.15795425467176807,0.07750320826511348,0.8,2161,0.08566475716030816,0.054003770778576765,0.6020360944007404,0.07228949751145991,0.17378262173782622,0.3411658834116588,12,0,0,12,,0,5,0,1.0
"z>2, 5-of-20",2.0,5,20,False,original,20,3,-0.020908841015624402,-0.033386211293170875,0.3333333333333333,2118,0.026620860688721687,0.016870344993504927,0.5868744098205855,-0.04752970170434609,0.8266173382661733,0.9284071592840716,11,0,0,11,,0,3,0,1.0
"z>2, 5-of-20",2.0,5,20,False,original,60,3,0.09857785497574068,0.10442594159977103,0.6666666666666666,2092,0.08662003512368142,0.05514578384952573,0.6018164435946463,0.011957819852059251,0.41955804419558046,0.6432356764323568,11,0,0,11,,0,3,0,1.0
"z>2, 5-of-20",2.0,5,20,False,revised,20,3,-0.020908841015624402,-0.033386211293170875,0.3333333333333333,2118,0.026620860688721687,0.016870344993504927,0.5868744098205855,-0.04752970170434609,0.8266173382661733,0.9284071592840716,12,0,0,12,,0,3,0,1.0
"z>2, 5-of-20",2.0,5,20,False,revised,60,3,0.09857785497574068,0.10442594159977103,0.6666666666666666,2092,0.08662003512368142,0.05514578384952573,0.6018164435946463,0.011957819852059251,0.41955804419558046,0.6432356764323568,12,0,0,12,,0,3,0,1.0
"z>2.5, 3-of-10",2.5,3,10,False,original,20,1,0.030287922265454403,0.030287922265454403,1.0,2197,0.027530213990065954,0.017745682315990496,0.5903504779244424,0.0027577082753884492,0.42055794420557946,0.579042095790421,11,0,0,11,,0,1,0,1.0
"z>2.5, 3-of-10",2.5,3,10,False,original,60,1,0.25451982532870243,0.25451982532870243,1.0,2161,0.08566475716030816,0.054003770778576765,0.6020360944007404,0.16885506816839427,0.17228277172282772,0.5903409659034097,11,0,0,11,,0,1,0,1.0
"z>2.5, 3-of-10",2.5,3,10,False,revised,20,1,0.030287922265454403,0.030287922265454403,1.0,2197,0.027530213990065954,0.017745682315990496,0.5903504779244424,0.0027577082753884492,0.42055794420557946,0.579042095790421,12,0,0,12,,0,1,0,1.0
"z>2.5, 3-of-10",2.5,3,10,False,revised,60,1,0.25451982532870243,0.25451982532870243,1.0,2161,0.08566475716030816,0.054003770778576765,0.6020360944007404,0.16885506816839427,0.17228277172282772,0.5903409659034097,12,0,0,12,,0,1,0,1.0
"z>2.5, 5-of-20",2.5,5,20,False,original,20,0,,,,2118,0.026620860688721687,0.016870344993504927,0.5868744098205855,,,,11,0,0,11,,0,0,0,
"z>2.5, 5-of-20",2.5,5,20,False,original,60,0,,,,2092,0.08662003512368142,0.05514578384952573,0.6018164435946463,,,,11,0,0,11,,0,0,0,
"z>2.5, 5-of-20",2.5,5,20,False,revised,20,0,,,,2118,0.026620860688721687,0.016870344993504927,0.5868744098205855,,,,12,0,0,12,,0,0,0,
"z>2.5, 5-of-20",2.5,5,20,False,revised,60,0,,,,2092,0.08662003512368142,0.05514578384952573,0.6018164435946463,,,,12,0,0,12,,0,0,0,
