lift_label,lift_date,status,onset_date,lead_sessions
original,2016-11-09,missed,,
original,2017-06-29,missed,,
original,2017-12-27,missed,,
original,2019-02-20,missed,,
original,2019-06-20,missed,,
original,2019-12-02,missed,,
original,2020-04-15,missed,,
original,2022-01-10,missed,,
original,2022-08-09,missed,,
original,2023-06-21,missed,,
original,2023-12-13,missed,,
revised,2016-11-09,missed,,
revised,2017-06-29,missed,,
revised,2017-12-27,missed,,
revised,2019-02-20,missed,,
revised,2019-06-20,missed,,
revised,2019-12-02,missed,,
revised,2020-04-15,missed,,
revised,2022-01-10,missed,,
revised,2022-08-09,missed,,
revised,2023-06-21,missed,,
revised,2023-12-13,missed,,
revised,2025-02-28,missed,,
